tweet_id,rating_numerator,rating_denominator,name,stage
892177421306343426,13.0,10.0,Tilly,
891815181378084864,12.0,10.0,Archie,
891689557279858688,13.0,10.0,Darla,
891327558926688256,12.0,10.0,Franklin,
891087950875897856,13.0,10.0,,
890971913173991426,13.0,10.0,Jax,
890729181411237888,13.0,10.0,,
890609185150312448,13.0,10.0,Zoey,
890240255349198849,14.0,10.0,Cassie,doggo
890006608113172480,13.0,10.0,Koda,
889880896479866881,13.0,10.0,Bruno,
889665388333682689,13.0,10.0,,puppo
889638837579907072,12.0,10.0,Ted,
889531135344209921,13.0,10.0,Stuart,puppo
889278841981685760,13.0,10.0,Oliver,
888917238123831296,12.0,10.0,Jim,
888804989199671297,13.0,10.0,Zeke,
888554962724278272,13.0,10.0,Ralphus,
888078434458587136,12.0,10.0,Gerald,
887705289381826560,13.0,10.0,Jeffrey,
887473957103951883,13.0,10.0,Canela,
887343217045368832,13.0,10.0,,
887101392804085760,12.0,10.0,,
886983233522544640,13.0,10.0,Maya,
886736880519319552,13.0,10.0,Mingus,
886366144734445568,12.0,10.0,Roscoe,pupper
886258384151887873,13.0,10.0,Waffles,
885984800019947520,12.0,10.0,Jimbo,
885528943205470208,13.0,10.0,Maisey,
885167619883638784,13.0,10.0,,
884925521741709313,12.0,10.0,Earl,
884876753390489601,13.0,10.0,Lola,
884562892145688576,13.0,10.0,Kevin,
884441805382717440,14.0,10.0,,
884162670584377345,12.0,10.0,Yogi,doggo
883838122936631299,12.0,10.0,Noah,
883482846933004288,13.5,10.0,Bella,
883360690899218434,13.0,10.0,Grizzwald,floofer
883117836046086144,13.0,10.0,,
882992080364220416,13.0,10.0,Rusty,
882762694511734784,12.0,10.0,Gus,pupper
882627270321602560,13.0,10.0,Stanley,
882268110199369728,13.0,10.0,Alfy,
882045870035918850,13.0,10.0,Koko,
881906580714921986,12.0,10.0,Rey,
881666595344535552,13.0,10.0,Gary,pupper
881536004380872706,14.0,10.0,,pupper
880872448815771648,12.0,10.0,,
880465832366813184,12.0,10.0,Bella,
880221127280381952,12.0,10.0,Jesse,
880095782870896641,11.0,10.0,,
879862464715927552,13.0,10.0,Romeo,
879492040517615616,12.0,10.0,Bailey,
879415818425184262,13.0,10.0,Duddles,
879376492567855104,12.0,10.0,Jack,
879008229531029506,13.0,10.0,Beau,
878776093423087618,13.0,10.0,Snoopy,puppo
878281511006478336,13.0,10.0,Shadow,
878057613040115712,14.0,10.0,Emmy,
877736472329191424,13.0,10.0,Aja,
877556246731214848,12.0,10.0,Penny,
877316821321428993,13.0,10.0,Dante,
877201837425926144,12.0,10.0,Nelly,
876838120628539392,12.0,10.0,Ginger,pupper
876484053909872640,13.0,10.0,Benedict,
876120275196170240,13.0,10.0,Venti,puppo
875747767867523072,13.0,10.0,Goose,
875144289856114688,13.0,10.0,Nugget,
875021211251597312,12.0,10.0,,
874680097055178752,12.0,10.0,Cash,
874296783580663808,13.0,10.0,Jed,pupper
874057562936811520,12.0,10.0,,
874012996292530176,13.0,10.0,Sebastian,puppo
873580283840344065,13.0,10.0,,
873213775632977920,12.0,10.0,Sierra,pupper
872967104147763200,12.0,10.0,,doggo
872820683541237760,13.0,10.0,,
872620804844003328,13.0,10.0,Monkey,
872486979161796608,12.0,10.0,,
872261713294495745,13.0,10.0,Harry,
872122724285648897,12.0,10.0,Kody,
871879754684805121,13.0,10.0,Lassie,puppo
871762521631449091,12.0,10.0,Rover,pupper
871515927908634625,12.0,10.0,Napolean,doggo
871032628920680449,13.0,10.0,Boomer,
870656317836468226,13.0,10.0,Cody,
870374049280663552,13.0,10.0,Zoey,
870308999962521604,13.0,10.0,Rumble,
869772420881756160,13.0,10.0,Dewey,
869702957897576449,13.0,10.0,Stanley,
869596645499047938,12.0,10.0,Scout,doggo
869227993411051520,13.0,10.0,Gizmo,
868880397819494401,14.0,10.0,Walter,
868622495443632128,13.0,10.0,,
868552278524837888,12.0,10.0,Cooper,
867900495410671616,12.0,10.0,,
867774946302451713,13.0,10.0,Harold,
867421006826221569,12.0,10.0,Shikha,puppo
867051520902168576,13.0,10.0,,
866686824827068416,12.0,10.0,Lili,puppo
866450705531457537,13.0,10.0,Jamesy,pupper
866334964761202691,12.0,10.0,Coco,
865718153858494464,13.0,10.0,Boomer,
865359393868664832,13.0,10.0,Sammy,
865006731092295680,13.0,10.0,Nelly,
864279568663928832,12.0,10.0,Meatball,
864197398364647424,13.0,10.0,Paisley,
863553081350529029,13.0,10.0,Neptune,
863432100342583297,12.0,10.0,Belle,
863079547188785154,14.0,10.0,,
863062471531167744,13.0,10.0,Quinn,
862831371563274240,13.0,10.0,Zooey,
862722525377298433,11.0,10.0,Dave,
862096992088072192,13.0,10.0,,
861383897657036800,13.0,10.0,Hobbes,
861288531465048066,13.0,10.0,,
861005113778896900,12.0,10.0,Burt,
860563773140209665,13.0,10.0,Lorenzo,
860524505164394496,13.0,10.0,Carl,
859924526012018688,12.0,10.0,Milky,
859851578198683649,13.0,10.0,Trooper,
859607811541651456,13.0,10.0,,puppo
859196978902773760,12.0,10.0,,
858843525470990336,13.0,10.0,,doggo
858471635011153920,13.0,10.0,Sophie,
858107933456039936,12.0,10.0,Wyatt,
857989990357356544,12.0,10.0,Rosie,
857746408056729600,13.0,10.0,Thor,
857393404942143489,13.0,10.0,,
857263160327368704,13.0,10.0,Oscar,
857029823797047296,12.0,10.0,Zeke,
856543823941562368,12.0,10.0,Callie,
856526610513747968,14.0,10.0,,
856282028240666624,14.0,10.0,Cermet,
855851453814013952,13.0,10.0,,puppo
855459453768019968,12.0,10.0,,
854732716440526848,12.0,10.0,Marlee,
854482394044301312,13.0,10.0,Arya,
854365224396361728,13.0,10.0,Einstein,
854120357044912130,14.0,10.0,,pupper
854010172552949760,11.0,10.0,,floofer
853760880890318849,12.0,10.0,Alice,
853639147608842240,13.0,10.0,,
852912242202992640,12.0,10.0,Benny,
852672615818899456,12.0,10.0,Aspen,
852553447878664193,13.0,10.0,Jarod,
852189679701164033,12.0,10.0,Sailor,
851591660324737024,11.0,10.0,,
851224888060895234,13.0,10.0,Snoop,
850753642995093505,11.0,10.0,Kyle,
850380195714523136,13.0,10.0,Leo,
850145622816686080,11.0,10.0,Riley,
850019790995546112,12.0,10.0,Boomer,pupper
849776966551130114,12.0,10.0,,
849412302885593088,12.0,10.0,Noosh,
848690551926992896,12.0,10.0,,
848324959059550208,12.0,10.0,Odin,
848212111729840128,6.0,10.0,Jerry,
847842811428974592,12.0,10.0,Rontu,
847606175596138505,12.0,10.0,Cannon,
847251039262605312,12.0,10.0,Furzey,
847157206088847362,11.0,10.0,Daisy,
847116187444137987,11.0,10.0,,
846874817362120707,13.0,10.0,Tuck,
846514051647705089,13.0,10.0,Barney,doggo
846153765933735936,13.0,10.0,Vixen,
846042936437604353,12.0,10.0,Jarvis,
845812042753855489,13.0,10.0,,
845677943972139009,12.0,10.0,,
845397057150107648,13.0,10.0,Mimosa,doggo
845306882940190720,12.0,10.0,Pickles,pupper
844979544864018432,13.0,10.0,,
844973813909606400,12.0,10.0,Brady,
844704788403113984,13.0,10.0,Luna,
844223788422217728,12.0,10.0,Margo,
843856843873095681,12.0,10.0,Sadie,
843604394117681152,11.0,10.0,Hank,
843235543001513987,13.0,10.0,Tycho,
842846295480000512,13.0,10.0,Charlie,
842765311967449089,12.0,10.0,Indie,
842535590457499648,13.0,10.0,Winnie,
842163532590374912,12.0,10.0,George,
842115215311396866,12.0,10.0,Bentley,
841680585030541313,12.0,10.0,Penny,
841439858740625411,14.0,10.0,,doggo
841314665196081154,13.0,10.0,Max,
841077006473256960,12.0,10.0,Dawn,
840632337062862849,12.0,10.0,Maddie,
840268004936019968,12.0,10.0,Monty,
839990271299457024,13.0,10.0,Sojourner,
839549326359670784,12.0,10.0,Winston,
839239871831150596,13.0,10.0,Odie,
838921590096166913,13.0,10.0,Arlo,
838561493054533637,13.0,10.0,Walter,
838476387338051585,13.0,10.0,Stanley,
838083903487373313,13.0,10.0,Daisy,
837820167694528512,12.0,10.0,,pupper
837471256429613056,12.0,10.0,Vincent,
837366284874571778,13.0,10.0,Lucy,puppo
837110210464448512,13.0,10.0,Clark,pupper
836989968035819520,12.0,10.0,Mookie,
836753516572119041,12.0,10.0,Meera,doggo
836260088725786625,13.0,10.0,Lucy,
836001077879255040,13.0,10.0,,
835574547218894849,11.0,10.0,Eli,
835297930240217089,12.0,10.0,Ash,
835264098648616962,12.0,10.0,Lola,
835172783151792128,12.0,10.0,,
835152434251116546,0.0,10.0,,
834931633769889797,12.0,10.0,Tucker,
834786237630337024,13.0,10.0,Tobi,
834574053763584002,13.0,10.0,,doggo
834458053273591808,12.0,10.0,Chester,
834209720923721728,12.0,10.0,Wilson,
834086379323871233,12.0,10.0,Lipton,
833863086058651648,12.0,10.0,Bentley,
833826103416520705,13.0,10.0,Charlie,
833722901757046785,13.0,10.0,Bronte,
833479644947025920,13.0,10.0,Poppy,
833124694597443584,12.0,10.0,Gidget,pupper
832998151111966721,13.0,10.0,Rhino,doggo
832757312314028032,13.0,10.0,Willow,
832636094638288896,12.0,10.0,Orion,
832397543355072512,12.0,10.0,Eevee,
832369877331693569,11.0,10.0,Charlie,
832273440279240704,14.0,10.0,Smiley,doggo
832032802820481025,12.0,10.0,Miguel,doggo
831939777352105988,12.0,10.0,Emanuel,doggo
831911600680497154,14.0,10.0,Kuyu,
831670449226514432,13.0,10.0,Daisy,
831650051525054464,13.0,10.0,,
831552930092285952,13.0,10.0,Dutch,
831322785565769729,12.0,10.0,Pete,doggo
831315979191906304,13.0,10.0,,pupper
831309418084069378,12.0,10.0,Scooter,
831262627380748289,12.0,10.0,Tucker,
830956169170665475,12.0,10.0,Reggie,
830583320585068544,13.0,10.0,Lilly,
830097400375152640,13.0,10.0,Samson,
829861396166877184,12.0,10.0,Mia,
829501995190984704,12.0,10.0,Leo,
829449946868879360,11.0,10.0,,doggo
829374341691346946,13.0,10.0,Astrid,doggo
829141528400556032,12.0,10.0,Malcolm,
829011960981237760,13.0,10.0,Dexter,
828770345708580865,13.0,10.0,Alfie,
828708714936930305,10.0,10.0,Fiona,
828650029636317184,14.0,10.0,,
828409743546925057,12.0,10.0,Mutt,
828408677031882754,12.0,10.0,Bear,
828381636999917570,14.0,10.0,Doobert,doggo
828376505180889089,13.0,10.0,Beebop,
828372645993398273,12.0,10.0,Alexander,
828011680017821696,11.0,10.0,Brutus,
827933404142436356,12.0,10.0,Kona,pupper
827653905312006145,12.0,10.0,Boots,
827600520311402496,13.0,10.0,Tucker,
827324948884643840,12.0,10.0,Ralphie,
827199976799354881,13.0,10.0,Charlie,
826958653328592898,12.0,10.0,Loki,doggo
826848821049180160,13.0,10.0,Cupid,doggo
826598365270007810,13.0,10.0,Pawnd,
826476773533745153,12.0,10.0,Pilot,doggo
826240494070030336,11.0,10.0,,
826204788643753985,13.0,10.0,,doggo
826115272272650244,13.0,10.0,Ike,
825829644528148480,12.0,10.0,Toby,
825535076884762624,14.0,10.0,,puppo
825147591692263424,13.0,10.0,Sweet,
825026590719483904,12.0,10.0,Pablo,puppo
824775126675836928,12.0,10.0,Scooter,
824663926340194305,13.0,10.0,Wilson,
824325613288833024,13.0,10.0,,pupper
823939628516474880,12.0,10.0,Cash,
823699002998870016,12.0,10.0,Winston,
823581115634085888,11.0,10.0,Crawford,
823322678127919110,11.0,10.0,Wyatt,
822975315408461824,12.0,10.0,Albus,
822872901745569793,13.0,10.0,,puppo
822859134160621569,12.0,10.0,Hobbes,
822610361945911296,12.0,10.0,,
822489057087389700,13.0,10.0,Paisley,
822462944365645825,14.0,10.0,Gabe,pupper
822244816520155136,11.0,10.0,,
821886076407029760,13.0,10.0,Jimison,
821765923262631936,13.0,10.0,Duchess,doggo
821522889702862852,13.0,10.0,Harlso,
821407182352777218,14.0,10.0,Sundance,doggo
821149554670182400,12.0,10.0,Luca,
821107785811234820,11.0,10.0,,doggo
821044531881721856,12.0,10.0,Flash,
820749716845686786,13.0,10.0,Sunny,
820690176645140481,84.0,70.0,,
820314633777061888,14.0,10.0,,
819952236453363712,13.0,10.0,Oliver,puppo
819711362133872643,11.0,10.0,Howie,
819588359383371776,13.0,10.0,Jazzy,
819347104292290561,12.0,10.0,Anna,
819227688460238848,12.0,10.0,Finn,
819004803107983360,14.0,10.0,Bo,doggo
818627210458333184,13.0,10.0,Wafer,
818614493328580609,12.0,10.0,Bear,
818536468981415936,11.0,10.0,Tom,
818259473185828864,12.0,10.0,Florence,
818145370475810820,11.0,10.0,Autumn,
817827839487737858,13.0,10.0,Buddy,
817777686764523521,13.0,10.0,Dido,pupper
817536400337801217,12.0,10.0,Eugene,
817423860136083457,13.0,10.0,Ken,
817415592588222464,11.0,10.0,Strudel,
817171292965273600,13.0,10.0,Tebow,
817120970343411712,13.0,10.0,,
817056546584727552,11.0,10.0,Chloe,
816816676327063552,12.0,10.0,Timber,
816697700272001025,12.0,10.0,Binky,
816336735214911488,11.0,10.0,Dudley,
816091915477250048,12.0,10.0,Comet,
815990720817401858,11.0,10.0,Jack,doggo
815966073409433600,13.0,10.0,,pupper
815736392542261248,11.0,10.0,Akumi,
815639385530101762,12.0,10.0,Titan,
814986499976527872,11.0,10.0,Cooper,pupper
814638523311648768,12.0,10.0,Olivia,
814530161257443328,12.0,10.0,Alf,
814153002265309185,12.0,10.0,Oshie,
813910438903693312,11.0,10.0,Chubbs,doggo
813812741911748608,14.0,10.0,Gary,
813800681631023104,12.0,10.0,Sky,
813217897535406080,13.0,10.0,Atlas,
813202720496779264,11.0,10.0,,doggo
813187593374461952,13.0,10.0,,
813172488309972993,12.0,10.0,Eleanor,
813157409116065792,12.0,10.0,Layla,
813142292504645637,13.0,10.0,,
813127251579564032,11.0,10.0,,doggo
813112105746448384,12.0,10.0,Toby,
813096984823349248,11.0,10.0,Rocky,doggo
813081950185472002,11.0,10.0,Baron,
813066809284972545,12.0,10.0,Tyr,
813051746834595840,13.0,10.0,Bauer,
812781120811126785,10.0,10.0,Swagger,
812709060537683968,12.0,10.0,Brandi,
812466873996607488,12.0,10.0,Mary,
812372279581671427,13.0,10.0,Moe,
811985624773361665,11.0,10.0,Ted,
811744202451197953,13.0,10.0,Halo,
811627233043480576,10.0,10.0,Augie,
811386762094317568,11.0,10.0,Craig,pupper
810896069567610880,11.0,10.0,Hunter,
810657578271330305,11.0,10.0,Pavlov,
810284430598270976,13.0,10.0,Phil,
810254108431155201,12.0,10.0,Gus,
809920764300447744,10.0,10.0,,
809448704142938112,12.0,10.0,,
809220051211603969,12.0,10.0,Kyro,
809084759137812480,11.0,10.0,Wallace,
808838249661788160,13.0,10.0,Ito,
808733504066486276,12.0,10.0,,pupper
808501579447930884,12.0,10.0,Koda,
808106460588765185,12.0,10.0,,
808001312164028416,12.0,10.0,Cooper,
807621403335917568,14.0,10.0,Ollie,pupper
807106840509214720,13.0,10.0,Stephan,
807010152071229440,12.0,10.0,Lennon,pupper
806629075125202948,13.0,10.0,,
806542213899489280,11.0,10.0,Waffles,
806219024703037440,11.0,10.0,,
805932879469572096,12.0,10.0,Major,
805826884734976000,12.0,10.0,Duke,puppo
805520635690676224,13.0,10.0,Zeke,
805207613751304193,12.0,10.0,Shooter,
804738756058218496,12.0,10.0,Django,
803773340896923648,12.0,10.0,Diogi,puppo
803638050916102144,13.0,10.0,,pupper
803276597545603072,11.0,10.0,Winston,
802952499103731712,12.0,10.0,Marley,
802572683846291456,12.0,10.0,Winnie,
802265048156610565,11.0,10.0,,
802239329049477120,12.0,10.0,Loki,puppo
801958328846974976,12.0,10.0,Ronnie,
801538201127157760,12.0,10.0,Wallace,
801167903437357056,13.0,10.0,Milo,
801115127852503040,12.0,10.0,Bones,pupper
800751577355128832,12.0,10.0,Mauve,
800513324630806528,11.0,10.0,Chef,
800388270626521089,12.0,10.0,Doc,floofer
800141422401830912,13.0,10.0,Peaches,
799757965289017345,13.0,10.0,Sobe,doggo
799422933579902976,12.0,10.0,Longfellow,
799297110730567681,11.0,10.0,Jeffrey,
799063482566066176,11.0,10.0,Mister,
798933969379225600,12.0,10.0,Iroh,
798925684722855936,11.0,10.0,Shadow,
798209839306514432,13.0,10.0,Cooper,
797971864723324932,12.0,10.0,,pupper
797545162159308800,12.0,10.0,Cassie,
797236660651966464,12.0,10.0,Pancake,
796865951799083009,12.0,10.0,Tyr,
796759840936919040,11.0,10.0,Romeo,
796484825502875648,12.0,10.0,,doggo
796387464403357696,12.0,10.0,Snicku,
796149749086875649,11.0,10.0,Ruby,
796116448414461957,11.0,10.0,,
796080075804475393,12.0,10.0,Yogi,
796031486298386433,13.0,10.0,Daisy,
795464331001561088,13.0,10.0,,doggo
795400264262053889,12.0,10.0,Brody,
794926597468000259,12.0,10.0,Mack,
794332329137291264,12.0,10.0,Nimbus,
793962221541933056,12.0,10.0,Maximus,
793845145112371200,13.0,10.0,Clark,
793601777308463104,12.0,10.0,Dobby,
793500921481273345,12.0,10.0,Fiona,
793286476301799424,13.0,10.0,Moreton,
793271401113350145,12.0,10.0,Dave,
793256262322548741,12.0,10.0,,
793241302385262592,13.0,10.0,Tucker,
793226087023144960,11.0,10.0,Juno,
793210959003287553,10.0,10.0,Maude,
793195938047070209,12.0,10.0,Lily,puppo
793180763617361921,11.0,10.0,Newt,
793165685325201412,12.0,10.0,Benji,
793150605191548928,11.0,10.0,Nida,
793120401413079041,11.0,10.0,Robin,
792883833364439040,12.0,10.0,Bailey,
792773781206999040,12.0,10.0,Monster,
792394556390137856,12.0,10.0,BeBe,
792050063153438720,11.0,10.0,Remus,
791672322847637504,13.0,10.0,,
791406955684368384,12.0,10.0,Levi,
791312159183634433,12.0,10.0,Mabel,
790987426131050500,12.0,10.0,Misty,
790946055508652032,12.0,10.0,Betty,puppo
790698755171364864,12.0,10.0,Mosby,
790581949425475584,11.0,10.0,Duke,
790337589677002753,12.0,10.0,Maggie,
790277117346975746,11.0,10.0,Bruce,
789986466051088384,12.0,10.0,Happy,
789628658055020548,13.0,10.0,Eli,
789599242079838210,12.0,10.0,Brownie,
789530877013393408,12.0,10.0,Rizzy,
789268448748703744,10.0,10.0,Stella,
789137962068021249,12.0,10.0,Bo,
788908386943430656,11.0,10.0,Lucy,
788765914992902144,12.0,10.0,Butter,
788412144018661376,11.0,10.0,Dexter,
788178268662984705,13.0,10.0,,
788150585577050112,13.0,10.0,Leo,
787810552592695296,11.0,10.0,Frank,
787717603741622272,13.0,10.0,Tonks,puppo
787397959788929025,11.0,10.0,Moose,
787322443945877504,10.0,10.0,Lincoln,
786963064373534720,12.0,10.0,Rory,
786709082849828864,9.75,10.0,Logan,
786664955043049472,12.0,10.0,,
786595970293370880,11.0,10.0,Dale,
786363235746385920,13.0,10.0,Rizzo,doggo
786233965241827333,11.0,10.0,Mattie,
785927819176054784,12.0,10.0,Lucy,
785872687017132033,12.0,10.0,Rusty,
785533386513321988,11.0,10.0,Dallas,
785264754247995392,12.0,10.0,Doc,
785170936622350336,11.0,10.0,Hero,
784826020293709826,13.0,10.0,Rusty,
784517518371221505,11.0,10.0,Frankie,
784431430411685888,12.0,10.0,Stormy,
783821107061198850,12.0,10.0,Mairi,
783695101801398276,12.0,10.0,Loomis,
783466772167098368,11.0,10.0,Finn,
783391753726550016,13.0,10.0,Godi,
783334639985389568,12.0,10.0,Dave,
783085703974514689,11.0,10.0,Earl,
782969140009107456,12.0,10.0,Cali,
782747134529531904,11.0,10.0,Deacon,doggo
782722598790725632,10.0,10.0,Penny,
782598640137187329,11.0,10.0,Timmy,
782305867769217024,12.0,10.0,Sampson,doggo
781661882474196992,5.0,10.0,,
781524693396357120,12.0,10.0,,
781251288990355457,11.0,10.0,Oakley,
781163403222056960,10.0,10.0,,
780858289093574656,10.0,10.0,Dash,
780800785462489090,11.0,10.0,Koda,
780601303617732608,12.0,10.0,Hercules,
780543529827336192,12.0,10.0,,
780459368902959104,11.0,10.0,Bear,
780192070812196864,11.0,10.0,,
779834332596887552,11.0,10.0,Scout,
779123168116150273,12.0,10.0,Reggie,
779056095788752897,13.0,10.0,,
778990705243029504,11.0,10.0,Jay,
778748913645780993,11.0,10.0,Mya,
778650543019483137,10.0,10.0,Strider,
778624900596654080,11.0,10.0,Penny,
778408200802557953,14.0,10.0,,
778383385161035776,13.0,10.0,Nala,
778286810187399168,11.0,10.0,Stanley,
778039087836069888,12.0,10.0,,pupper
778027034220126208,11.27,10.0,Sophie,pupper
777885040357281792,3.0,10.0,Wesley,
777684233540206592,12.0,10.0,,
777621514455814149,12.0,10.0,Derek,
777189768882946048,12.0,10.0,Jeffrey,
776813020089548800,12.0,10.0,Solomon,
776477788987613185,11.0,10.0,Huck,pupper
776218204058357768,13.0,10.0,,floofer
776201521193218049,10.0,10.0,O,
776088319444877312,10.0,10.0,,
775842724423557120,12.0,10.0,Blue,
775364825476165632,11.0,10.0,Finley,doggo
775085132600442880,13.0,10.0,Tucker,
774757898236878852,12.0,10.0,Finley,
774639387460112384,10.0,10.0,Sprinkles,
774314403806253056,14.0,10.0,,
773985732834758656,11.0,10.0,Winnie,pupper
773922284943896577,12.0,10.0,Heinrich,
773704687002451968,12.0,10.0,Loki,
773670353721753600,10.0,10.0,Shakespeare,
773547596996571136,11.0,10.0,Chelsea,pupper
773308824254029826,12.0,10.0,Bungalo,
773247561583001600,10.0,10.0,Chip,
773191612633579521,12.0,10.0,Grey,
772877495989305348,11.0,10.0,,doggo
772826264096874500,11.0,10.0,Roosevelt,
772581559778025472,10.0,10.0,,
772193107915964416,12.0,10.0,Willem,pupper
772152991789019136,10.0,10.0,,
772117678702071809,12.0,10.0,Jack,
772114945936949249,10.0,10.0,Finn,
772102971039580160,11.0,10.0,Penny,
771770456517009408,11.0,10.0,Davey,
771500966810099713,12.0,10.0,Dakota,
771380798096281600,11.0,10.0,Fizz,
771136648247640064,11.0,10.0,Dixie,
771102124360998913,12.0,10.0,Charlie,
770787852854652928,10.0,10.0,Winston,
770772759874076672,11.0,10.0,Sebastian,
770414278348247044,11.0,10.0,Al,
770293558247038976,10.0,10.0,Jackson,
770069151037685760,10.0,10.0,Carbon,
769940425801170949,12.0,10.0,Klein,
769695466921623552,13.0,10.0,Titan,
769212283578875904,12.0,10.0,DonDon,
768970937022709760,12.0,10.0,Kirby,
768855141948723200,11.0,10.0,Jesse,
768609597686943744,10.0,10.0,Lou,
768596291618299904,12.0,10.0,Oakley,
768473857036525572,11.0,10.0,Chevy,
767754930266464257,11.0,10.0,Philbert,
767500508068192258,12.0,10.0,Louie,
767122157629476866,13.0,10.0,Rupert,
766793450729734144,10.0,10.0,Rufus,
766693177336135680,11.0,10.0,Brudge,
766423258543644672,9.0,10.0,Shadoe,
766313316352462849,12.0,10.0,Oscar,
766069199026450432,12.0,10.0,Juno,
766008592277377025,11.0,10.0,Angel,
765719909049503744,12.0,10.0,Brat,
765669560888528897,12.0,10.0,Tove,
765395769549590528,13.0,10.0,,
765371061932261376,11.0,10.0,Louie,pupper
765222098633691136,10.0,10.0,Gromit,
764857477905154048,12.0,10.0,Aubie,
764259802650378240,10.0,10.0,Kota,
763837565564780549,11.0,10.0,Alfie,
763183847194451968,8.0,10.0,Clark,
763103485927849985,10.0,10.0,Belle,
762699858130116608,11.0,10.0,Leela,
762471784394268675,12.0,10.0,Glenn,
762464539388485633,12.0,10.0,Buddy,
761976711479193600,12.0,10.0,Shelby,
761599872357261312,11.0,10.0,Sephie,
761334018830917632,10.0,10.0,Bruce,
761292947749015552,11.0,10.0,Bonaparte,
761227390836215808,10.0,10.0,Albert,
761004547850530816,11.0,10.0,Bo,
760893934457552897,11.0,10.0,Wishes,doggo
760656994973933572,11.0,10.0,Rose,
760539183865880579,12.0,10.0,Atlas,
760290219849637889,13.0,10.0,Rocco,
759923798737051648,10.0,10.0,,
759846353224826880,11.0,10.0,Kirby,
759793422261743616,12.0,10.0,Maggie,
759557299618865152,10.0,10.0,Emma,
759447681597108224,11.0,10.0,Oakley,
759197388317847553,12.0,10.0,Luna,
759099523532779520,7.0,10.0,Toby,
759047813560868866,11.0,10.0,Spencer,
758854675097526272,11.0,10.0,Lilli,
758828659922702336,13.0,10.0,,doggo
758740312047005698,12.0,10.0,Boston,
758474966123810816,11.0,10.0,Brandonald,
758467244762497024,165.0,150.0,,
758405701903519748,10.0,10.0,Odie,
758355060040593408,11.0,10.0,Corey,
758041019896193024,9.0,10.0,,
757741869644341248,10.0,10.0,Leonard,
757725642876129280,11.0,10.0,Beckham,
757611664640446465,12.0,10.0,Cooper,
757400162377592832,13.0,10.0,,
757393109802180609,10.0,10.0,,doggo
757354760399941633,8.0,10.0,Devón,
756998049151549440,11.0,10.0,Oliver,
756939218950160384,12.0,10.0,Jax,pupper
756651752796094464,11.0,10.0,Gert,
756303284449767430,11.0,10.0,,
756288534030475264,12.0,10.0,,
756275833623502848,10.0,10.0,,puppo
755955933503782912,12.0,10.0,,pupper
755110668769038337,13.0,10.0,Watson,
754856583969079297,11.0,10.0,Winnie,
754449512966619136,11.0,10.0,Dex,
754120377874386944,10.0,10.0,,
754011816964026368,12.0,10.0,Charlie,
753655901052166144,10.0,10.0,,
753398408988139520,12.0,10.0,Scout,
753375668877008896,8.0,10.0,Hank,
753294487569522689,11.0,10.0,Ace,
753026973505581056,10.0,10.0,Tayzie,
752917284578922496,11.0,10.0,Grizzie,
752682090207055872,10.0,10.0,,doggo
752660715232722944,10.0,10.0,,doggo
752519690950500352,11.0,10.0,,puppo
752334515931054080,8.0,10.0,,doggo
752173152931807232,12.0,10.0,Brody,
751937170840121344,11.0,10.0,Ruby,
751830394383790080,12.0,10.0,Tucker,
751598357617971201,13.0,10.0,Toby,
751583847268179968,5.0,10.0,,
751538714308972544,10.0,10.0,Max,
751456908746354688,12.0,10.0,,pupper
751251247299190784,10.0,10.0,Gilbert,
751205363882532864,12.0,10.0,,
751132876104687617,10.0,10.0,Cooper,puppo
750868782890057730,11.0,10.0,Milo,pupper
750719632563142656,12.0,10.0,Meyer,
750429297815552001,12.0,10.0,Arnie,
750383411068534784,9.0,10.0,Zoe,pupper
750147208377409536,13.0,10.0,,
750132105863102464,11.0,10.0,Stewie,
750117059602808832,10.0,10.0,Calvin,
750101899009982464,11.0,10.0,Lilah,
750086836815486976,12.0,10.0,Spanky,
750071704093859840,10.0,10.0,,pupper
750056684286914561,11.0,10.0,Jameson,
750041628174217216,13.0,10.0,Beau,
750026558547456000,10.0,10.0,Jax,
750011400160841729,11.0,10.0,Piper,doggo
749996283729883136,12.0,10.0,Bo,
749774190421639168,12.0,10.0,Lucy,
749417653287129088,11.0,10.0,Finn,pupper
749403093750648834,10.0,10.0,,
749395845976588288,10.0,10.0,George,
749317047558017024,12.0,10.0,Blu,floofer
749064354620928000,11.0,10.0,Winston,
749036806121881602,8.0,10.0,Dietrich,doggo
748977405889503236,10.0,10.0,,
748932637671223296,13.0,10.0,Divine,doggo
748699167502000129,11.0,10.0,Tripp,
748575535303884801,6.0,10.0,,pupper
748568946752774144,12.0,10.0,Cora,
748346686624440324,10.0,10.0,,
748324050481647620,11.0,10.0,Duke,
747963614829678593,10.0,10.0,,pupper
747933425676525569,11.0,10.0,,
747885874273214464,8.0,10.0,,
747844099428986880,11.0,10.0,Huxley,
747816857231626240,4.0,10.0,,
747600769478692864,10.0,10.0,Bookstore,
747594051852075008,11.0,10.0,,
747512671126323200,10.0,10.0,,
747219827526344708,11.0,10.0,Atticus,
747103485104099331,11.0,10.0,,
746872823977771008,11.0,10.0,,
746818907684614144,13.0,10.0,,
746790600704425984,10.0,10.0,,
746726898085036033,12.0,10.0,Abby,
746507379341139972,10.0,10.0,Shiloh,
746369468511756288,9.0,10.0,,
746131877086527488,10.0,10.0,Gustav,
746056683365994496,11.0,10.0,Arlen,pupper
745789745784041472,10.0,10.0,Gus,
745712589599014916,7.0,10.0,Percy,
745433870967832576,10.0,10.0,Lenox,doggo
745422732645535745,9.0,10.0,,
745057283344719872,12.0,10.0,Oliver,
744995568523612160,9.0,10.0,Abby,puppo
744971049620602880,12.0,10.0,Indie,
744709971296780288,10.0,10.0,Harvey,
744334592493166593,11.0,10.0,Blanket,
744234799360020481,13.0,10.0,,doggo
743980027717509120,11.0,10.0,Geno,
743895849529389061,10.0,10.0,,
743609206067040256,10.0,10.0,Stark,
743545585370791937,11.0,10.0,Bentley,
743253157753532416,10.0,10.0,Kilo,puppo
743222593470234624,12.0,10.0,,pupper
743210557239623680,10.0,10.0,Kayla,
742423170473463808,12.0,10.0,Bell,
742385895052087300,11.0,10.0,Phil,
742150209887731712,8.0,10.0,Edmund,pupper
741793263812808706,10.0,10.0,,
741743634094141440,11.0,10.0,Aqua,pupper
741438259667034112,9.0,10.0,Tucker,
741303864243200000,12.0,10.0,Theodore,
741067306818797568,12.0,10.0,,
740995100998766593,10.0,10.0,Leo,
740711788199743490,9.0,10.0,,
740676976021798912,11.0,10.0,Baloo,pupper
740373189193256964,14.0,10.0,,
740359016048689152,9.0,10.0,Chase,
740214038584557568,10.0,10.0,,
739979191639244800,12.0,10.0,Nollie,
739932936087216128,10.0,10.0,Rorie,
739844404073074688,12.0,10.0,Simba,
739606147276148736,9.0,10.0,Benji,pupper
739544079319588864,10.0,10.0,,
739485634323156992,6.0,10.0,Kyle,
739238157791694849,13.0,10.0,,doggo
738885046782832640,11.0,10.0,Charles,
738883359779196928,10.0,10.0,,
738537504001953792,11.0,10.0,Bayley,puppo
738402415918125056,10.0,10.0,,
738184450748633089,9.0,10.0,,
738166403467907072,12.0,10.0,Axel,
738156290900254721,10.0,10.0,Storkson,
737826014890496000,10.0,10.0,Remy,
737800304142471168,10.0,10.0,Bella,
737678689543020544,11.0,10.0,,
737445876994609152,13.0,10.0,,floofer
736736130620620800,13.0,10.0,Chadrick,
736365877722001409,11.0,10.0,Rory,pupper
736225175608430592,10.0,10.0,,
736010884653420544,10.0,10.0,,
735991953473572864,11.0,10.0,Maxaroni,
735648611367784448,12.0,10.0,,pupper
735635087207878657,11.0,10.0,Dakota,
735256018284875776,8.0,10.0,Kellogg,doggo
735137028879360001,9.0,10.0,Buckley,pupper
734912297295085568,10.0,10.0,Jax,
734787690684657664,13.0,10.0,,
734776360183431168,11.0,10.0,Livvie,
733828123016450049,10.0,10.0,Terry,
733822306246479872,10.0,10.0,Moose,floofer
733482008106668032,10.0,10.0,,
733460102733135873,11.0,10.0,Hermione,
733109485275860992,12.0,10.0,,
732732193018155009,12.0,10.0,Ralpher,
732726085725589504,11.0,10.0,Aldrick,
732585889486888962,10.0,10.0,,
732375214819057664,11.0,10.0,Kyle,doggo
732005617171337216,11.0,10.0,Larry,
731285275100512256,12.0,10.0,Solomon,
730924654643314689,9.0,10.0,,
730573383004487680,10.0,10.0,Rooney,pupper
730427201120833536,11.0,10.0,Crystal,
730211855403241472,11.0,10.0,Ziva,
729823566028484608,13.0,10.0,Stefan,
729463711119904772,13.0,10.0,Pupcasso,
728986383096946689,11.0,10.0,Puff,
728760639972315136,13.0,10.0,,
728751179681943552,10.0,10.0,Flurpson,
728409960103686147,10.0,10.0,Wallace,
728387165835677696,12.0,10.0,Enchilada,
728046963732717569,11.0,10.0,Raymond,
728035342121635841,12.0,10.0,,pupper
728015554473250816,11.0,10.0,Rueben,pupper
727685679342333952,12.0,10.0,Cilantro,
727644517743104000,13.0,10.0,,doggo
727524757080539137,10.0,10.0,,pupper
727314416056803329,11.0,10.0,,pupper
727286334147182592,9.0,10.0,,
727175381690781696,10.0,10.0,Karll,
726935089318363137,12.0,10.0,Sprout,
726887082820554753,10.0,10.0,Blitz,
726828223124897792,12.0,10.0,Bloop,
726224900189511680,9.0,10.0,,
725842289046749185,12.0,10.0,Colby,
725786712245440512,11.0,10.0,Lillie,pupper
725729321944506368,12.0,10.0,Lola,
724983749226668032,12.0,10.0,Fred,
724771698126512129,11.0,10.0,,doggo
724405726123311104,10.0,10.0,Ashleigh,pupper
724049859469295616,10.0,10.0,Kreggory,
724046343203856385,10.0,10.0,Sarge,
724004602748780546,11.0,10.0,Luther,pupper
723912936180330496,12.0,10.0,Sugar,
723688335806480385,12.0,10.0,Reginald,
723673163800948736,10.0,10.0,Ivar,
723179728551723008,8.0,10.0,Jangle,
722974582966214656,13.0,10.0,,
722613351520608256,12.0,10.0,Schnitzel,
721503162398597120,11.0,10.0,Panda,
721001180231503872,11.0,10.0,Oliver,pupper
720785406564900865,12.0,10.0,Archie,
720775346191278080,10.0,10.0,Berkeley,
720415127506415616,10.0,10.0,,
720389942216527872,11.0,10.0,Ralphé,
720059472081784833,9.0,10.0,Charleson,
720043174954147842,11.0,10.0,Neptune,
719991154352222208,10.0,10.0,,doggo
719551379208073216,10.0,10.0,Harnold,
719367763014393856,11.0,10.0,Sid,
719339463458033665,10.0,10.0,Lucy,
719332531645071360,11.0,10.0,Pippa,
718971898235854848,10.0,10.0,Sadie,
718939241951195136,12.0,10.0,Otis,
718631497683582976,10.0,10.0,,
718613305783398402,11.0,10.0,Carper,
718540630683709445,10.0,10.0,,
718460005985447936,9.0,10.0,Bowie,
718246886998687744,3.0,10.0,Alexanderson,
718234618122661888,11.0,10.0,Suki,
717841801130979328,11.0,10.0,Barclay,
717537687239008257,11.0,10.0,,
717421804990701568,9.0,10.0,Ebby,
717047459982213120,12.0,10.0,Flávio,
717009362452090881,10.0,10.0,Smokey,pupper
716802964044845056,10.0,10.0,Link,
716791146589110272,11.0,10.0,Jennifur,
716439118184652801,11.0,10.0,Bluebert,
716285507865542656,12.0,10.0,Stephanus,
716080869887381504,11.0,10.0,,doggo
715928423106027520,11.0,10.0,Bubbles,
715733265223708672,10.0,10.0,,
715696743237730304,10.0,10.0,Toby,
715680795826982913,12.0,10.0,Zeus,
715342466308784130,10.0,10.0,Oscar,
715220193576927233,10.0,10.0,Nico,
715200624753819648,12.0,10.0,Michelangelope,
715009755312439296,12.0,10.0,Siba,
714982300363173890,9.0,10.0,Calbert,
714957620017307648,10.0,10.0,Curtis,
714606013974974464,12.0,10.0,,pupper
714258258790387713,10.0,10.0,Travis,
714251586676113411,8.0,10.0,Thumas,
714214115368108032,13.0,10.0,,
714141408463036416,10.0,10.0,,
713919462244790272,12.0,10.0,Kanu,
713900603437621249,99.0,90.0,,pupper
713761197720473600,12.0,10.0,Piper,
713411074226274305,11.0,10.0,,
713177543487135744,10.0,10.0,Lance,
713175907180089344,10.0,10.0,Opie,
712809025985978368,10.0,10.0,Stubert,
712717840512598017,10.0,10.0,,
712668654853337088,10.0,10.0,Sunny,
712438159032893441,11.0,10.0,Kane,
712097430750289920,10.0,10.0,,
712085617388212225,11.0,10.0,Olive,
711743778164514816,11.0,10.0,Roosevelt,
711732680602345472,10.0,10.0,,
711363825979756544,11.0,10.0,,
711306686208872448,3.0,10.0,,
711008018775851008,11.0,10.0,Chuckles,pupper
710997087345876993,12.0,10.0,Milo,
710844581445812225,10.0,10.0,Staniel,
710833117892898816,12.0,10.0,Sora,
710658690886586372,80.0,80.0,,pupper
710588934686908417,12.0,10.0,Beemo,
710283270106132480,11.0,10.0,Gunner,
710272297844797440,11.0,10.0,,
710269109699739648,13.0,10.0,,
710153181850935296,11.0,10.0,Lacy,
710140971284037632,8.0,10.0,Tater,
710117014656950272,11.0,10.0,,pupper
709918798883774466,12.0,10.0,Watson,
709852847387627521,12.0,10.0,,
709566166965075968,12.0,10.0,Olaf,
709556954897764353,12.0,10.0,Cecil,
709519240576036864,9.0,10.0,Vince,
709449600415961088,10.0,10.0,Karma,
709409458133323776,8.0,10.0,Billy,
709225125749587968,11.0,10.0,Walker,
709207347839836162,11.0,10.0,Penny,
709198395643068416,45.0,50.0,,
709158332880297985,10.0,10.0,Rodney,
709042156699303936,9.0,10.0,Klevin,
708845821941387268,9.0,10.0,,pupper
708834316713893888,10.0,10.0,Malikai,
708810915978854401,10.0,10.0,Mister,
708738143638450176,11.0,10.0,Coco,
708711088997666817,11.0,10.0,Smokey,
708479650088034305,13.0,10.0,Bear,
708469915515297792,11.0,10.0,Bobble,
708356463048204288,10.0,10.0,Oliver,
708349470027751425,11.0,10.0,River,
708149363256774660,10.0,10.0,Jebberson,
708130923141795840,11.0,10.0,,
708119489313951744,9.0,10.0,Cooper,
708109389455101952,10.0,10.0,Remington,
708026248782585858,13.0,10.0,,
707969809498152960,11.0,10.0,Rufus,
707776935007539200,11.0,10.0,Sadie,
707741517457260545,10.0,10.0,,
707610948723478529,12.0,10.0,Harper,
707420581654872064,4.0,10.0,Keurig,
707411934438625280,11.0,10.0,,pupper
707387676719185920,10.0,10.0,Clarkus,
707377100785885184,9.0,10.0,,
707315916783140866,10.0,10.0,Finnegus,pupper
707297311098011648,10.0,10.0,Cassie,
707059547140169728,11.0,10.0,Cupcake,
707038192327901184,10.0,10.0,Kathmandu,
707021089608753152,12.0,10.0,Tucker,
707014260413456384,11.0,10.0,Ellie,
706681918348251136,12.0,10.0,Katie,
706644897839910912,9.0,10.0,Shadow,
706538006853918722,11.0,10.0,Oliver,
706516534877929472,12.0,10.0,,
706346369204748288,12.0,10.0,Koda,
706310011488698368,12.0,10.0,,pupper
706291001778950144,11.0,10.0,,
706265994973601792,11.0,10.0,Kara,
706166467411222528,7.0,10.0,Dexter,
705975130514706432,10.0,10.0,Adele,pupper
705970349788291072,12.0,10.0,Lucy,
705898680587526145,10.0,10.0,Max,
705786532653883392,11.0,10.0,,pupper
705591895322394625,11.0,10.0,,
705475953783398401,12.0,10.0,Zara,
705442520700944385,12.0,10.0,Cooper,
705428427625635840,11.0,10.0,Ambrose,pupper
705239209544720384,11.0,10.0,Jimothy,
705223444686888960,9.0,10.0,Bode,
705102439679201280,10.0,10.0,Terrenth,
705066031337840642,12.0,10.0,Reese,
704871453724954624,12.0,10.0,,
704859558691414016,10.0,10.0,,pupper
704847917308362754,12.0,10.0,,
704761120771465216,13.0,10.0,,pupper
704499785726889984,12.0,10.0,,
704480331685040129,11.0,10.0,Lucia,
704364645503647744,12.0,10.0,Bisquick,
704347321748819968,10.0,10.0,Ralphson,pupper
704054845121142784,60.0,50.0,,pupper
703774238772166656,10.0,10.0,,
703769065844768768,10.0,10.0,,
703611486317502464,10.0,10.0,Scooter,pupper
703425003149250560,9.0,10.0,,
703382836347330562,12.0,10.0,Charlie,
703356393781329922,9.0,10.0,Socks,
703268521220972544,12.0,10.0,,pupper
703079050210877440,11.0,10.0,,
702684942141153280,11.0,10.0,Lucy,
702671118226825216,10.0,10.0,Rambo,
702598099714314240,11.0,10.0,Sansa,pupper
702539513671897089,12.0,10.0,,
702321140488925184,12.0,10.0,,
702276748847800320,11.0,10.0,,
702217446468493312,9.0,10.0,,
701981390485725185,12.0,10.0,Fiji,
701952816642965504,11.0,10.0,Rilo,
701889187134500865,11.0,10.0,Bilbo,
701601587219795968,10.0,10.0,Coopson,
701570477911896070,9.0,10.0,Yoda,
701545186879471618,10.0,10.0,Millie,pupper
701214700881756160,12.0,10.0,,
700890391244103680,11.0,10.0,Chet,
700864154249383937,12.0,10.0,,pupper
700847567345688576,10.0,10.0,Crouton,
700747788515020802,11.0,10.0,,
700518061187723268,10.0,10.0,Vincent,
700505138482569216,12.0,10.0,Kaia,
700462010979500032,6.0,10.0,Murphy,
700167517596164096,10.0,10.0,Dotsy,
700151421916807169,11.0,10.0,,pupper
700143752053182464,10.0,10.0,,pupper
700029284593901568,10.0,10.0,Coops,
700002074055016451,9.0,10.0,Thumas,
699801817392291840,11.0,10.0,Cooper,pupper
699788877217865730,12.0,10.0,Nala,
699779630832685056,10.0,10.0,,
699775878809702401,11.0,10.0,Fillup,
699446877801091073,12.0,10.0,Archie,
699434518667751424,12.0,10.0,,pupper
699423671849451520,10.0,10.0,,
699413908797464576,11.0,10.0,Miley,
699370870310113280,11.0,10.0,Calbert,
699323444782047232,10.0,10.0,,
699079609774645248,8.0,10.0,Reagan,
699072405256409088,12.0,10.0,,
699036661657767936,13.0,10.0,,pupper
698989035503689728,13.0,10.0,Oliver,
698953797952008193,11.0,10.0,CeCe,
698907974262222848,10.0,10.0,,
698710712454139905,10.0,10.0,Cuddles,
698703483621523456,7.0,10.0,Rusty,
698635131305795584,12.0,10.0,,
698549713696649216,9.0,10.0,Claude,
698355670425473025,10.0,10.0,Jessiga,
698342080612007937,11.0,10.0,Maximus,
698262614669991936,11.0,10.0,Franklin,
698195409219559425,9.0,10.0,Beau,
698178924120031232,10.0,10.0,Lily,
697995514407682048,11.0,10.0,,
697990423684476929,11.0,10.0,Doug,
697943111201378304,10.0,10.0,Cassie,
697616773278015490,11.0,10.0,,pupper
697596423848730625,11.0,10.0,,pupper
697575480820686848,8.0,10.0,Ole,
697463031882764288,44.0,40.0,,
697270446429966336,10.0,10.0,Bentley,
697259378236399616,8.0,10.0,,
697255105972801536,10.0,10.0,Charlie,
697242256848379904,10.0,10.0,Oakley,
696900204696625153,12.0,10.0,Rosie,
696894894812565505,9.0,10.0,,
696886256886657024,12.0,10.0,,
696754882863349760,10.0,10.0,Reptar,
696713835009417216,9.0,10.0,Trevith,pupper
696488710901260288,12.0,10.0,,
696405997980676096,7.0,10.0,Berb,
695816827381944320,11.0,10.0,,
695794761660297217,13.0,10.0,Wyatt,
695767669421768709,13.0,10.0,,
695629776980148225,8.0,10.0,Calvin,
695446424020918272,12.0,10.0,,
695409464418041856,10.0,10.0,Bob,
695314793360662529,10.0,10.0,Colin,
695095422348574720,12.0,10.0,,pupper
695074328191332352,11.0,10.0,Lorenzo,pupper
695051054296211456,6.0,10.0,Brian,
694356675654983680,10.0,10.0,,pupper
694352839993344000,10.0,10.0,Oliviér,
694329668942569472,9.0,10.0,Grady,pupper
694206574471057408,10.0,10.0,,
694183373896572928,9.0,10.0,Lola,
694001791655137281,11.0,10.0,Chester,
693942351086120961,10.0,10.0,Kobe,
693642232151285760,9.0,10.0,Freddery,
693629975228977152,12.0,10.0,,pupper
693622659251335168,10.0,10.0,,
693280720173801472,10.0,10.0,Sadie,
693262851218264065,11.0,10.0,,pupper
693231807727280129,9.0,10.0,Bodie,
693155686491000832,12.0,10.0,Dunkin,
693109034023534592,11.0,10.0,,
693095443459342336,10.0,10.0,Milo,pupper
692919143163629568,9.0,10.0,,
692905862751522816,10.0,10.0,Wally,pupper
692901601640583168,10.0,10.0,,
692894228850999298,10.0,10.0,Tupawc,
692828166163931137,12.0,10.0,,pupper
692752401762250755,13.0,10.0,,pupper
692568918515392513,12.0,10.0,Chester,
692535307825213440,10.0,10.0,Amber,
692530551048294401,10.0,10.0,Cody,
692187005137076224,12.0,10.0,,
692158366030913536,10.0,10.0,Edgar,
692142790915014657,13.0,10.0,,
692017291282812928,9.0,10.0,Kingsley,
691756958957883396,10.0,10.0,,
691675652215414786,10.0,10.0,Richie,
691483041324204033,5.0,10.0,,
691459709405118465,12.0,10.0,Leo,
691444869282295808,12.0,10.0,Bailey,
691416866452082688,13.0,10.0,,
691321916024623104,11.0,10.0,Molly,
691096613310316544,11.0,10.0,,
690959652130045952,11.0,10.0,,pupper
690735892932222976,13.0,10.0,Peaches,
690728923253055490,8.0,10.0,Vinscent,
690690673629138944,10.0,10.0,Cedrick,
690649993829576704,11.0,10.0,Hazel,
690597161306841088,11.0,10.0,Lolo,
690400367696297985,10.0,10.0,Eriq,
690374419777196032,11.0,10.0,Phred,
690360449368465409,9.0,10.0,,
690021994562220032,10.0,10.0,Geoff,
690015576308211712,12.0,10.0,,pupper
690005060500217858,10.0,10.0,,
689999384604450816,10.0,10.0,Covach,
689977555533848577,12.0,10.0,,
689905486972461056,11.0,10.0,Gizmo,pupper
689877686181715968,9.0,10.0,Durg,
689835978131935233,11.0,10.0,Fynn,
689661964914655233,12.0,10.0,Luca,
689623661272240129,10.0,10.0,Lucy,pupper
689599056876867584,11.0,10.0,,
689557536375177216,12.0,10.0,,
689517482558820352,12.0,10.0,Carl,
689283819090870273,9.0,10.0,Chipson,
689280876073582592,10.0,10.0,Herald,
689275259254616065,10.0,10.0,Lucky,
689154315265683456,9.0,10.0,,
689143371370250240,10.0,10.0,Trip,pupper
688916208532455424,11.0,10.0,,pupper
688898160958271489,10.0,10.0,,
688828561667567616,9.0,10.0,Brad,
688804835492233216,12.0,10.0,,
688789766343622656,8.0,10.0,Pubert,
688547210804498433,9.0,10.0,Frönq,
688519176466644993,12.0,10.0,,pupper
688385280030670848,12.0,10.0,Louis,
688116655151435777,10.0,10.0,,
688064179421470721,11.0,10.0,Kilo,
687826841265172480,12.0,10.0,Louis,
687818504314159109,12.0,10.0,,pupper
687807801670897665,11.0,10.0,Trooper,
687704180304273409,9.0,10.0,Blakely,pupper
687664829264453632,11.0,10.0,Opal,
687494652870668288,7.0,10.0,Marq,
687480748861947905,12.0,10.0,,
687460506001633280,10.0,10.0,Kramer,
687317306314240000,11.0,10.0,Tyrone,
687312378585812992,7.0,10.0,,pupper
687127927494963200,9.0,10.0,Gordon,
687124485711986689,11.0,10.0,Samson,
687109925361856513,11.0,10.0,Baxter,
687096057537363968,11.0,10.0,,pupper
686730991906516992,12.0,10.0,,
686683045143953408,11.0,10.0,Mona,pupper
686618349602762752,11.0,10.0,Olivia,pupper
686606069955735556,10.0,10.0,Horace,
686386521809772549,11.0,10.0,Crimson,
686377065986265092,10.0,10.0,Birf,pupper
686358356425093120,10.0,10.0,,
686050296934563840,11.0,10.0,Flávio,
686034024800862208,12.0,10.0,,
686007916130873345,11.0,10.0,,pupper
685973236358713344,11.0,10.0,Lorelei,
685943807276412928,8.0,10.0,,pupper
685906723014619143,9.0,10.0,Olive,
685663452032069632,12.0,10.0,Brooks,
685641971164143616,7.0,10.0,Otis,pupper
685532292383666176,9.0,10.0,,
685325112850124800,10.0,10.0,,
685321586178670592,10.0,10.0,Rocky,
685315239903100929,11.0,10.0,,
685307451701334016,11.0,10.0,Petrick,floofer
685268753634967552,10.0,10.0,Hubertson,pupper
685198997565345792,11.0,10.0,Alfie,
685169283572338688,11.0,10.0,Gerbald,pupper
684940049151070208,12.0,10.0,Oreo,
684926975086034944,11.0,10.0,Bruiser,
684914660081053696,12.0,10.0,,
684902183876321280,11.0,10.0,Perry,
684800227459624960,11.0,10.0,Theodore,
684594889858887680,10.0,10.0,,
684538444857667585,12.0,10.0,,
684481074559381504,10.0,10.0,Pippa,
684460069371654144,10.0,10.0,Jeph,
684241637099323392,12.0,10.0,Obi,
684225744407494656,143.0,130.0,,pupper
684222868335505415,121.0,110.0,,pupper
684195085588783105,9.0,10.0,Tino,
684188786104872960,10.0,10.0,,
684177701129875456,10.0,10.0,Kulet,
684097758874210310,10.0,10.0,Lupe,
683857920510050305,10.0,10.0,Sadie,pupper
683852578183077888,10.0,10.0,Tiger,
683849932751646720,5.0,10.0,Jiminy,
683834909291606017,9.0,10.0,,pupper
683828599284170753,12.0,10.0,,pupper
683773439333797890,9.0,10.0,Buddy,
683742671509258241,11.0,10.0,Sebastian,
683498322573824003,11.0,10.0,Griffin,
683481228088049664,11.0,10.0,Banjo,pupper
683462770029932544,8.0,10.0,,pupper
683449695444799489,10.0,10.0,,
683391852557561860,11.0,10.0,Jack,
683357973142474752,10.0,10.0,,
683142553609318400,9.0,10.0,Brandy,pupper
683111407806746624,10.0,10.0,Larry,pupper
683098815881154561,12.0,10.0,,
683078886620553216,9.0,10.0,,pupper
683030066213818368,10.0,10.0,Lulu,
682962037429899265,10.0,10.0,Darrel,
682750546109968385,9.0,10.0,Taco,
682662431982772225,11.0,10.0,Joey,
682638830361513985,12.0,10.0,,
682429480204398592,8.0,10.0,,
682393905736888321,11.0,10.0,Kreg,
682389078323662849,9.0,10.0,Brody,
682303737705140231,9.0,10.0,Todo,
682259524040966145,9.0,10.0,Jax,
682032003584274432,11.0,10.0,Ulysses,
681981167097122816,12.0,10.0,Jimothy,
681891461017812993,10.0,10.0,Charlie,pupper
681694085539872773,11.0,10.0,Bo,pupper
681654059175129088,12.0,10.0,Toffee,pupper
681610798867845120,12.0,10.0,,
681579835668455424,8.0,10.0,Apollo,
681523177663676416,12.0,10.0,Carly,
681339448655802368,9.0,10.0,Asher,
681320187870711809,11.0,10.0,Glacier,
681297372102656000,12.0,10.0,,
681281657291280384,11.0,10.0,Sarge,
681261549936340994,9.0,10.0,Panda,
681231109724700672,11.0,10.0,,pupper
681193455364796417,11.0,10.0,Aspen,
680970795137544192,9.0,10.0,,
680959110691590145,9.0,10.0,Ozzie,
680940246314430465,4.0,10.0,Alice,
680934982542561280,10.0,10.0,Sadie,
680913438424612864,11.0,10.0,Griswold,
680889648562991104,9.0,10.0,Cheesy,
680836378243002368,12.0,10.0,Ellie,pupper
680801747103793152,10.0,10.0,,
680609293079592961,9.0,10.0,Brody,
680497766108381184,12.0,10.0,Percy,
680494726643068929,11.26,10.0,,pupper
680473011644985345,10.0,10.0,Hector,pupper
680191257256136705,11.0,10.0,,pupper
680161097740095489,12.0,10.0,Goliath,
680145970311643136,10.0,10.0,Kawhi,pupper
680130881361686529,10.0,10.0,Reggie,
680115823365742593,9.0,10.0,Ozzy,
680100725817409536,11.0,10.0,,pupper
680070545539371008,9.0,10.0,Emmie,
680055455951884288,10.0,10.0,Sammy,
679862121895714818,11.0,10.0,,
679854723806179328,7.0,10.0,Bruce,
679844490799091713,10.0,10.0,Willie,
679828447187857408,13.0,10.0,,pupper
679777920601223168,10.0,10.0,Rinna,pupper
679736210798047232,9.0,10.0,,
679729593985699840,8.0,10.0,Hunter,
679722016581222400,8.0,10.0,Mike,
679530280114372609,7.0,10.0,,
679511351870550016,7.0,10.0,William,
679475951516934144,9.0,10.0,Evy,
679462823135686656,11.0,10.0,Hurley,
679158373988876288,11.0,10.0,Rubio,
679148763231985668,8.0,10.0,,
679132435750195208,10.0,10.0,Louis,
679111216690831360,12.0,10.0,,
679062614270468097,11.0,10.0,Chompsky,
679047485189439488,9.0,10.0,,
678991772295516161,12.0,10.0,,
678969228704284672,11.0,10.0,Lola,
678800283649069056,12.0,10.0,,pupper
678798276842360832,7.0,10.0,Linda,
678774928607469569,11.0,10.0,Tug,
678764513869611008,10.0,10.0,Wilson,
678755239630127104,10.0,10.0,Dash,
678740035362037760,6.0,10.0,Tango,
678643457146150913,10.0,10.0,Grizz,
678446151570427904,10.0,10.0,,
678424312106393600,2.0,10.0,Crystal,
678410210315247616,10.0,10.0,Jerome,
678399652199309312,12.0,10.0,,
678396796259975168,12.0,10.0,,
678389028614488064,11.0,10.0,Bella,pupper
678380236862578688,10.0,10.0,Crumpet,
678341075375947776,12.0,10.0,,pupper
678334497360859136,10.0,10.0,Rosie,
678278586130948096,10.0,10.0,,pupper
678255464182861824,9.0,10.0,Jessifer,
678021115718029313,12.0,10.0,Reese,
677918531514703872,10.0,10.0,,
677895101218201600,9.0,10.0,,
677716515794329600,144.0,120.0,,pupper
677700003327029250,10.0,10.0,Ralph,
677698403548192770,9.0,10.0,Sadie,
677687604918272002,11.0,10.0,,
677673981332312066,9.0,10.0,,
677644091929329666,11.0,10.0,,
677565715327688705,6.0,10.0,,
677557565589463040,10.0,10.0,,pupper
677547928504967168,12.0,10.0,,
677530072887205888,9.0,10.0,Axel,
677334615166730240,9.0,10.0,,
677331501395156992,9.0,10.0,Humphrey,
677328882937298944,10.0,10.0,Derek,
677314812125323265,10.0,10.0,Tassy,
677301033169788928,5.0,10.0,Juckson,
677269281705472000,10.0,10.0,,pupper
677187300187611136,9.0,10.0,,
676975532580409345,11.0,10.0,Cooper,
676957860086095872,10.0,10.0,,
676949632774234114,8.0,10.0,Tyrus,
676946864479084545,12.0,10.0,,
676936541936185344,8.0,10.0,,pupper
676864501615042560,10.0,10.0,Ash,
676821958043033607,11.0,10.0,,
676819651066732545,12.0,10.0,,pupper
676811746707918848,9.0,10.0,Penny,
676617503762681856,13.0,10.0,,pupper
676613908052996102,12.0,10.0,,
676606785097199616,12.0,10.0,,
676603393314578432,9.0,10.0,Godzilla,pupper
676588346097852417,5.0,10.0,Bubbles,
676582956622721024,8.0,10.0,Vinnie,
676575501977128964,8.0,10.0,,pupper
676533798876651520,12.0,10.0,,
676496375194980353,9.0,10.0,Griffin,
676470639084101634,11.0,10.0,,pupper
676440007570247681,11.0,10.0,,pupper
676430933382295552,10.0,10.0,Duke,
676263575653122048,10.0,10.0,,pupper
676237365392908289,8.0,10.0,Winston,
676219687039057920,10.0,10.0,Kenneth,
676191832485810177,10.0,10.0,,
676146341966438401,10.0,10.0,Bert,
676101918813499392,11.0,10.0,Striker,
676089483918516224,9.0,10.0,,
675898130735476737,10.0,10.0,,pupper
675891555769696257,6.0,10.0,Donny,
675888385639251968,10.0,10.0,,
675878199931371520,11.0,10.0,,
675870721063669760,11.0,10.0,,
675853064436391936,88.0,80.0,,pupper
675845657354215424,10.0,10.0,Pepper,pupper
675822767435051008,10.0,10.0,,
675820929667219457,11.0,10.0,,pupper
675798442703122432,10.0,10.0,Bernie,
675781562965868544,11.0,10.0,Buddah,
675740360753160193,12.0,10.0,,pupper
675710890956750848,12.0,10.0,Lenny,
675707330206547968,11.0,10.0,,
675706639471788032,10.0,10.0,Wylie,
675534494439489536,11.0,10.0,,
675531475945709568,10.0,10.0,Ellie,
675522403582218240,10.0,10.0,Sammy,
675517828909424640,12.0,10.0,,
675497103322386432,11.0,10.0,Reggie,
675489971617296384,10.0,10.0,,
675432746517426176,12.0,10.0,,pupper
675372240448454658,13.0,10.0,,
675362609739206656,12.0,10.0,Daisy,
675354435921575936,13.0,10.0,,
675349384339542016,13.0,10.0,,
675334060156301312,12.0,10.0,,pupper
675166823650848770,10.0,10.0,Arnold,
675149409102012420,12.0,10.0,,
675147105808306176,10.0,10.0,,
675146535592706048,7.0,10.0,Coops,
675145476954566656,9.0,10.0,,
675111688094527488,8.0,10.0,Oliver,
675109292475830276,9.0,10.0,,
675047298674663426,11.0,10.0,,
675015141583413248,10.0,10.0,Moe,
675006312288268288,10.0,10.0,Mollie,pupper
675003128568291329,12.0,10.0,Laela,
674999807681908736,13.0,10.0,,
674805413498527744,10.0,10.0,,
674800520222154752,11.0,10.0,Tedders,
674793399141146624,13.0,10.0,,
674790488185167872,13.0,10.0,,
674788554665512960,9.0,10.0,Maggie,
674774481756377088,11.0,10.0,Superpup,pupper
674764817387900928,10.0,10.0,,
674752233200820224,12.0,10.0,,
674743008475090944,10.0,10.0,Sophie,
674739953134403584,11.0,10.0,,
674737130913071104,10.0,10.0,Rufio,pupper
674670581682434048,9.0,10.0,Jeb,
674646392044941312,5.0,10.0,,
674644256330530816,11.0,10.0,,
674638615994089473,12.0,10.0,,pupper
674468880899788800,13.0,10.0,Louis,
674447403907457024,10.0,10.0,,pupper
674436901579923456,9.0,10.0,Bailey,
674422304705744896,12.0,10.0,Ava,
674416750885273600,10.0,10.0,Jonah,
674410619106390016,10.0,10.0,Lenny,
674394782723014656,8.0,10.0,Gary,
674291837063053312,11.0,10.0,Kenny,
674271431610523648,10.0,10.0,,
674269164442398721,8.0,10.0,Bob,
674262580978937856,9.0,10.0,Gus,pupper
674255168825880576,10.0,10.0,Bobbay,
674082852460433408,11.0,10.0,,
674075285688614912,11.0,10.0,Mitch,
674053186244734976,10.0,10.0,Stanley,
674051556661161984,10.0,10.0,Lucy,
674042553264685056,12.0,10.0,,
674038233588723717,12.0,10.0,Kaiya,pupper
674036086168010753,9.0,10.0,Daisy,
674024893172875264,10.0,10.0,,
674019345211760640,10.0,10.0,Acro,
674014384960745472,11.0,10.0,Aiden,
673956914389192708,10.0,10.0,,pupper
673919437611909120,11.0,10.0,Obie,pupper
673906403526995968,3.0,10.0,,
673887867907739649,10.0,10.0,,
673711475735838725,10.0,10.0,,
673709992831262724,12.0,10.0,,
673708611235921920,12.0,10.0,Riley,
673707060090052608,10.0,10.0,Raymond,pupper
673705679337693185,8.0,10.0,Dot,
673689733134946305,11.0,10.0,,
673688752737402881,9.0,10.0,Larry,
673686845050527744,11.0,10.0,George,
673680198160809984,13.0,10.0,Shnuggles,
673662677122719744,12.0,10.0,Kendall,
673656262056419329,10.0,10.0,Albert,pupper
673636718965334016,10.0,10.0,Kip,
673612854080196609,7.0,10.0,Jeffri,pupper
673583129559498752,11.0,10.0,Sandy,
673580926094458881,8.0,10.0,,
673359818736984064,8.0,10.0,Steve,
673355879178194945,11.0,10.0,Koda,
673352124999274496,12.0,10.0,,
673350198937153538,9.0,10.0,Bella,
673345638550134785,7.0,10.0,Gerald,
673343217010679808,11.0,10.0,,
673342308415348736,10.0,10.0,Django,pupper
673320132811366400,11.0,10.0,Frankie,
673317986296586240,10.0,10.0,,
673295268553605120,8.0,10.0,Eve,pupper
673270968295534593,11.0,10.0,Mac,
673240798075449344,6.0,10.0,,
673213039743795200,10.0,10.0,Dexter,
672997845381865473,12.0,10.0,Kenzie,
672995267319328768,8.0,10.0,Pumpkin,
672988786805112832,10.0,10.0,Schnozz,pupper
672980819271634944,5.0,10.0,,
672975131468300288,10.0,10.0,Chuckles,pupper
672968025906282496,11.0,10.0,Gustaf,
672964561327235073,10.0,10.0,Terry,
672877615439593473,8.0,10.0,Oscar,
672834301050937345,10.0,10.0,Ed,
672640509974827008,9.0,10.0,Leonidas,
672622327801233409,12.0,10.0,,pupper
672604026190569472,11.0,10.0,,
672594978741354496,9.0,10.0,Scott,pupper
672591762242805761,10.0,10.0,Taz,
672538107540070400,7.0,10.0,Darby,
672523490734551040,10.0,10.0,,
672488522314567680,10.0,10.0,Jackie,
672482722825261057,10.0,10.0,,
672481316919734272,12.0,10.0,Jazz,pupper
672466075045466113,12.0,10.0,Franq,
672272411274932228,11.0,10.0,Pippin,
672267570918129665,10.0,10.0,,
672264251789176834,10.0,10.0,Kreg,
672254177670729728,11.0,10.0,Rolf,pupper
672248013293752320,10.0,10.0,,
672245253877968896,12.0,10.0,Snickers,
672239279297454080,7.0,10.0,Ridley,
672222792075620352,9.0,10.0,Cal,
672205392827572224,9.0,10.0,Opal,pupper
672169685991993344,10.0,10.0,Bradley,
672160042234327040,8.0,10.0,Bubba,pupper
672139350159835138,12.0,10.0,,
672125275208069120,11.0,10.0,,
672095186491711488,9.0,10.0,Tuco,
672082170312290304,11.0,10.0,Patch,
672068090318987265,7.0,10.0,Gizmo,
671896809300709376,10.0,10.0,Lola,
671891728106971137,11.0,10.0,Mojo,
671866342182637568,10.0,10.0,Dylan,
671789708968640512,13.0,10.0,,
671768281401958400,10.0,10.0,,
671743150407421952,11.0,10.0,Jacob,
671735591348891648,11.0,10.0,Oscar,
671729906628341761,13.0,10.0,,
671561002136281088,13.0,10.0,,
671542985629241344,10.0,10.0,JD,
671536543010570240,9.0,10.0,Reginald,
671528761649688577,10.0,10.0,Jax,
671520732782923777,10.0,10.0,Alejandro,
671518598289059840,9.0,10.0,Scruffers,
671504605491109889,11.0,10.0,Charlie,
671486386088865792,10.0,10.0,Malcolm,
671485057807351808,11.0,10.0,Penelope,
671357843010908160,9.0,10.0,,
671355857343524864,10.0,10.0,Lou,
671186162933985280,10.0,10.0,Sparky,
671182547775299584,12.0,10.0,,
671163268581498880,8.0,10.0,,
671154572044468225,11.0,10.0,Holly,
671151324042559489,12.0,10.0,,
671147085991960577,9.0,10.0,Rufus,
671141549288370177,9.0,10.0,,
671138694582165504,10.0,10.0,,
671134062904504320,8.0,10.0,Clarence,
671122204919246848,4.0,10.0,,
671115716440031232,6.0,10.0,Phred,
671109016219725825,8.0,10.0,Toby,
670995969505435648,12.0,10.0,,
670840546554966016,10.0,10.0,Colby,
670833812859932673,7.0,10.0,Jett,
670832455012716544,10.0,10.0,Amy,
670823764196741120,12.0,10.0,Remington,
670822709593571328,10.0,10.0,,
670815497391357952,10.0,10.0,Sage,
670811965569282048,10.0,10.0,Maggie,
670807719151067136,11.0,10.0,Andy,
670804601705242624,10.0,10.0,Mason,
670803562457407488,10.0,10.0,,
670797304698376195,11.0,10.0,Trigger,
670792680469889025,7.0,10.0,Antony,
670789397210615808,9.0,10.0,,
670786190031921152,8.0,10.0,Creg,
670782429121134593,5.0,10.0,,
670780561024270336,7.0,10.0,Traviss,
670778058496974848,10.0,10.0,,
670764103623966721,10.0,10.0,Vincent,
670755717859713024,9.0,10.0,Gin,
670717338665226240,12.0,10.0,,
670704688707301377,6.0,10.0,Danny,
670691627984359425,8.0,10.0,Ester,
670679630144274432,8.0,10.0,Pluto,
670676092097810432,8.0,10.0,Bloo,
670452855871037440,11.0,10.0,,
670444955656130560,10.0,10.0,Paull,
670442337873600512,11.0,10.0,Koda,
670435821946826752,10.0,10.0,,
670434127938719744,11.0,10.0,Hank,
670433248821026816,10.0,10.0,Sam,
670428280563085312,11.0,10.0,Willy,
670427002554466305,9.0,10.0,Spork,
670421925039075328,12.0,10.0,Herb,
670411370698022913,12.0,10.0,Scooter,
670403879788544000,10.0,10.0,Nigel,
670385711116361728,8.0,10.0,Larry,
670374371102445568,12.0,10.0,Daisy,
670338931251150849,10.0,10.0,Butters,
670319130621435904,11.0,10.0,,
670303360680108032,9.0,10.0,Hemry,
670290420111441920,11.0,10.0,Sandra,
670093938074779648,9.0,10.0,Wally,
670086499208155136,10.0,10.0,,
670073503555706880,10.0,10.0,Winston,
670061506722140161,11.0,10.0,Liam,
670046952931721218,11.0,10.0,Ben,
670040295598354432,10.0,10.0,,
670003130994700288,10.0,10.0,Raphael,
669993076832759809,9.0,10.0,Zoey,pupper
669970042633789440,10.0,10.0,Julio,
669942763794931712,11.0,10.0,Andru,
669926384437997569,12.0,10.0,,
669753178989142016,10.0,10.0,Chester,
669683899023405056,10.0,10.0,Kloey,
669680153564442624,8.0,10.0,Shawwn,
669625907762618368,12.0,10.0,Penny,
669603084620980224,10.0,10.0,,
669597912108789760,10.0,10.0,Skye,
669573570759163904,10.0,10.0,Linda,
669567591774625800,9.0,10.0,Kollin,
669564461267722241,10.0,10.0,Alfredo,
669393256313184256,10.0,10.0,Ronduh,
669375718304980992,6.0,10.0,Billl,
669371483794317312,10.0,10.0,Oliviér,
669367896104181761,10.0,10.0,Chip,
669363888236994561,10.0,10.0,Zeus,
669359674819481600,11.0,10.0,Saydee,
669354382627049472,8.0,10.0,Dug,
669353438988365824,10.0,10.0,Tessa,
669328503091937280,12.0,10.0,Kirk,
669327207240699904,13.0,10.0,,
669324657376567296,11.0,10.0,Ralf,
669216679721873412,8.0,10.0,Clarq,
669203728096960512,9.0,10.0,Samsom,
669037058363662336,10.0,10.0,,
669006782128353280,12.0,10.0,Tucker,
669000397445533696,11.0,10.0,Terrance,
668994913074286592,5.0,10.0,,
668989615043424256,3.0,10.0,Bernie,
668986018524233728,9.0,10.0,Ruby,
668979806671884288,12.0,10.0,Chaz,
668975677807423489,11.0,10.0,Jeremy,
668960084974809088,10.0,10.0,Jaycob,
668955713004314625,10.0,10.0,Leroi,
668932921458302977,9.0,10.0,Herald,
668902994700836864,11.0,10.0,Lambeau,
668892474547511297,11.0,10.0,Ruffles,
668872652652679168,11.0,10.0,Amélie,
668852170888998912,11.0,10.0,Bobb,
668826086256599040,10.0,10.0,Banditt,
668815180734689280,7.0,10.0,,
668779399630725120,10.0,10.0,Kevon,
668655139528511488,11.0,10.0,Winifred,
668641109086707712,10.0,10.0,Hanz,
668636665813057536,10.0,10.0,Berta,
668633411083464705,10.0,10.0,Churlie,
668631377374486528,5.0,10.0,Zeek,
668627278264475648,9.0,10.0,Timofy,
668625577880875008,10.0,10.0,Maks,
668623201287675904,10.0,10.0,Jomathan,
668567822092664832,11.0,10.0,Marvin,
668542336805281792,10.0,10.0,,
668537837512433665,8.0,10.0,Spark,
668528771708952576,12.0,10.0,Gòrdón,
668507509523615744,10.0,10.0,Chuk,
668496999348633600,8.0,10.0,Jo,
668484198282485761,9.0,10.0,,
668480044826800133,11.0,10.0,DayZ,
668297328638447616,9.0,10.0,,
668286279830867968,11.0,10.0,Rusty,
668274247790391296,10.0,10.0,Sophie,
668268907921326080,10.0,10.0,Guss,
668256321989451776,13.0,10.0,Jareld,
668248472370458624,8.0,10.0,Bisquick,
668237644992782336,10.0,10.0,Torque,
668221241640230912,10.0,10.0,,
668204964695683073,8.0,10.0,Ron,
668190681446379520,12.0,10.0,Skittles,
668171859951755264,7.0,10.0,Alfonso,
668113020489474048,6.0,10.0,Alfie,
667924896115245057,9.0,10.0,Jiminy,
667915453470232577,10.0,10.0,Otis,
667902449697558528,9.0,10.0,Cleopatricia,
667886921285246976,11.0,10.0,Erik,
667885044254572545,10.0,10.0,Stu,
667878741721415682,2.0,10.0,Tedrick,
667861340749471744,9.0,10.0,Cheryl,
667832474953625600,12.0,10.0,,
667806454573760512,10.0,10.0,Filup,
667801013445750784,12.0,10.0,,
667793409583771648,8.0,10.0,,
667773195014021121,8.0,10.0,Jessiga,
667728196545200128,11.0,10.0,Olive,
667546741521195010,9.0,10.0,George,
667544320556335104,10.0,10.0,Kial,
667538891197542400,9.0,10.0,Klint,
667534815156183040,8.0,10.0,Frank,
667530908589760512,10.0,10.0,Naphaniel,
667524857454854144,12.0,10.0,,
667517642048163840,8.0,10.0,Dook,
667509364010450944,12.0,10.0,Tickles,
667502640335572993,11.0,10.0,Hall,
667495797102141441,9.0,10.0,Philippe,
667491009379606528,7.0,10.0,,
667470559035432960,11.0,10.0,Kohl,
667455448082227200,7.0,10.0,Reese,
667453023279554560,11.0,10.0,Cupcake,
667435689202614272,12.0,10.0,,
667405339315146752,7.0,10.0,Biden,
667393430834667520,8.0,10.0,Fwed,
667211855547486208,9.0,10.0,Genevieve,
667200525029539841,11.0,10.0,Joshwa,
667192066997374976,12.0,10.0,,
667182792070062081,10.0,10.0,Timison,
667177989038297088,8.0,10.0,,
667176164155375616,4.0,10.0,,
667174963120574464,9.0,10.0,Clarence,
667171260800061440,10.0,10.0,Kenneth,
667165590075940865,10.0,10.0,Churlie,
667160273090932737,11.0,10.0,Bradlay,
667152164079423490,12.0,10.0,Pipsy,
667138269671505920,10.0,10.0,,
667119796878725120,10.0,10.0,Gabe,
667090893657276420,7.0,10.0,Clybe,
667073648344346624,10.0,10.0,Dave,
667062181243039745,10.0,10.0,Keet,
667044094246576128,12.0,10.0,,
666996132027977728,10.0,10.0,Carll,
666835007768551424,10.0,10.0,,
666826780179869698,12.0,10.0,,
666817836334096384,9.0,10.0,Jeph,
666804364988780544,8.0,10.0,Jockson,
666781792255496192,10.0,10.0,Octaviath,
666776908487630848,5.0,10.0,Josep,
666739327293083650,10.0,10.0,Lugan,
666701168228331520,8.0,10.0,Johm,
666691418707132416,8.0,10.0,Christoper,
666649482315059201,4.0,10.0,,
666644823164719104,9.0,10.0,Jimothy,
666454714377183233,10.0,10.0,Kreggory,
666447344410484738,9.0,10.0,Scout,
666437273139982337,7.0,10.0,,
666435652385423360,10.0,10.0,,
666430724426358785,6.0,10.0,,
666428276349472768,7.0,10.0,,
666421158376562688,12.0,10.0,,
666418789513326592,10.0,10.0,Walter,
666407126856765440,7.0,10.0,,
666396247373291520,9.0,10.0,,
666373753744588802,11.0,10.0,,
666353288456101888,8.0,10.0,,
666345417576210432,10.0,10.0,,
666337882303524864,9.0,10.0,,
666287406224695296,9.0,10.0,,
666273097616637952,11.0,10.0,,
666102155909144576,11.0,10.0,,
666099513787052032,8.0,10.0,,
666094000022159362,9.0,10.0,,
666082916733198337,6.0,10.0,,
666073100786774016,10.0,10.0,,
666071193221509120,9.0,10.0,,
666063827256086533,10.0,10.0,,
666058600524156928,8.0,10.0,,
666057090499244032,9.0,10.0,,
666055525042405380,10.0,10.0,,
666050758794694657,10.0,10.0,,
666049248165822465,5.0,10.0,,
666044226329800704,6.0,10.0,,
666033412701032449,9.0,10.0,,
666029285002620928,7.0,10.0,,
666020888022790149,8.0,10.0,,
